date_utc,commits
2026-06-10,2
2026-06-11,24
2026-06-12,5
2026-06-13,12
2026-06-14,30
2026-06-15,36
2026-06-16,40
2026-06-17,50
2026-06-18,39
2026-06-19,37
2026-06-20,88
2026-06-21,67
2026-06-22,31
2026-06-23,23
2026-06-24,3
2026-06-25,13
2026-06-26,24
2026-06-28,8
2026-06-29,28
2026-06-30,25
2026-07-01,55
2026-07-02,33
2026-07-03,76
2026-07-04,173
2026-07-05,109
2026-07-06,81
2026-07-07,106
2026-07-08,127
2026-07-09,128
2026-07-10,54
2026-07-11,66
2026-07-12,53
2026-07-13,246
2026-07-14,417
2026-07-15,412
2026-07-16,89
2026-07-17,116
2026-07-18,179
2026-07-19,328
2026-07-20,395
2026-07-21,251
2026-07-22,440
2026-07-23,320
2026-07-24,281
2026-07-25,206
2026-07-26,337
2026-07-27,617
2026-07-28,564
2026-07-29,569
2026-07-30,889
2026-07-31,580
2026-08-01,112
2026-08-02,198
2026-08-03,224
2026-08-04,238
2026-08-05,270
2026-08-06,313
2026-08-07,370
2026-08-08,303
2026-08-09,289
2026-08-10,441
2026-08-11,478
2026-08-12,256
2026-08-13,171
2026-08-14,62
2026-08-15,22
2026-08-16,3
2026-08-17,145
2026-08-18,204
2026-08-19,197
2026-08-20,259
2026-08-21,142
2026-08-22,107
2026-08-23,133
2026-08-24,160
2026-08-25,267
2026-08-26,241
2026-08-27,164
2026-08-28,129
2026-08-29,56
2026-08-30,56
2026-08-31,115
2026-09-01,112
2026-09-02,155
2026-09-03,160
2026-09-04,97
2026-09-05,86
2026-09-06,165
2026-09-07,265
2026-09-08,274
2026-09-09,260
2026-09-10,178
2026-09-11,174
2026-09-12,91
2026-09-13,41
2026-09-14,110
2026-09-15,2
