date_utc,commits,merges,non_merges,by_author_date
2026-06-10,2,0,2,2
2026-06-11,24,1,23,24
2026-06-12,2,1,1,5
2026-06-13,14,0,14,12
2026-06-14,31,10,21,30
2026-06-15,35,19,16,36
2026-06-16,41,21,20,40
2026-06-17,40,17,23,50
2026-06-18,39,13,26,39
2026-06-19,46,7,39,37
2026-06-20,87,32,55,88
2026-06-21,68,31,37,67
2026-06-22,31,10,21,31
2026-06-23,23,13,10,23
2026-06-24,3,2,1,3
2026-06-25,7,3,4,13
2026-06-26,30,6,24,24
2026-06-27,0,0,0,0
2026-06-28,8,1,7,8
2026-06-29,28,7,21,28
2026-06-30,24,2,22,25
2026-07-01,56,25,31,55
2026-07-02,33,8,25,33
2026-07-03,76,32,44,76
2026-07-04,170,102,68,173
2026-07-05,101,23,78,109
2026-07-06,77,28,49,81
2026-07-07,101,35,66,106
2026-07-08,121,41,80,127
2026-07-09,129,41,88,128
2026-07-10,62,23,39,54
2026-07-11,60,19,41,66
2026-07-12,51,14,37,53
2026-07-13,254,125,129,246
2026-07-14,413,313,100,417
2026-07-15,427,297,130,412
2026-07-16,89,31,58,89
2026-07-17,97,62,35,116
2026-07-18,204,133,71,179
2026-07-19,327,169,158,328
2026-07-20,390,227,163,395
2026-07-21,251,139,112,251
2026-07-22,432,200,232,440
2026-07-23,305,160,145,320
2026-07-24,264,95,169,281
2026-07-25,226,78,148,206
2026-07-26,335,157,178,337
2026-07-27,582,310,272,617
2026-07-28,527,224,303,564
2026-07-29,509,180,329,569
2026-07-30,846,453,393,889
2026-07-31,571,317,254,580
2026-08-01,116,46,70,112
2026-08-02,208,26,182,198
2026-08-03,187,88,99,224
2026-08-04,241,76,165,238
2026-08-05,251,77,174,270
2026-08-06,341,128,213,313
2026-08-07,386,142,244,370
2026-08-08,426,112,314,303
2026-08-09,302,147,155,289
2026-08-10,417,177,240,441
2026-08-11,507,211,296,478
2026-08-12,262,111,151,256
2026-08-13,175,73,102,171
2026-08-14,58,15,43,62
2026-08-15,20,3,17,22
2026-08-16,2,0,2,3
2026-08-17,134,44,90,145
2026-08-18,186,72,114,204
2026-08-19,185,81,104,197
2026-08-20,198,56,142,259
2026-08-21,154,37,117,142
2026-08-22,68,16,52,107
2026-08-23,128,17,111,133
2026-08-24,211,41,170,160
2026-08-25,234,103,131,267
2026-08-26,183,49,134,241
2026-08-27,183,37,146,164
2026-08-28,101,35,66,129
2026-08-29,72,15,57,56
2026-08-30,34,14,20,56
2026-08-31,353,68,285,115
2026-09-01,124,32,92,112
2026-09-02,155,76,79,155
2026-09-03,149,59,90,160
2026-09-04,95,45,50,97
2026-09-05,74,22,52,86
2026-09-06,122,19,103,165
2026-09-07,294,100,194,265
2026-09-08,255,85,170,274
2026-09-09,298,82,216,260
2026-09-10,175,76,99,178
2026-09-11,132,53,79,174
2026-09-12,138,22,116,91
2026-09-13,54,15,39,41
2026-09-14,113,35,78,110
2026-09-15,7,2,5,2
