hash,committer_time,version,channel,hours_since_previous
b64c3ac1ba37a8afe20de534ab666e85ae69377b,2026-08-11T03:20:36+08:00,0.0.1-rc.1,rc,
5ca7be5dcb310aad1ce83e673d2b4326a7329ac9,2026-08-11T22:52:39+08:00,0.0.1-rc.2,rc,19.534167
1e99f20963a0199b00b254d8f4b794ee6988d53c,2026-08-13T03:24:38+08:00,0.0.1-rc.3,rc,28.533056
a90d9af1b21ff108dc114fca98d0e6e7843fe0ba,2026-08-13T05:16:02+08:00,0.0.1-rc.4,rc,1.856667
3e8a1cfa339e0c2dd1c233fe8179e42b1ed73945,2026-08-13T06:14:27+08:00,0.0.1-rc.5,rc,0.973611
22ab3beac101f381616d1552627c929033426b9f,2026-08-13T16:22:33+08:00,0.1.0-rc.1,rc,10.135000
60b04b6ef73a2b7387e6887d19fe2276ff2630a0,2026-08-13T17:19:37+08:00,0.1.0-rc.2,rc,0.951111
8a954b2eca50e4aa77c928d7ada40c0bff6135eb,2026-08-13T18:39:06+08:00,0.1.0-rc.3,rc,1.324722
abe560f81edebe5f6a5b62706ff502daa0dccd40,2026-08-13T18:49:33+08:00,0.1.0-rc.5,rc,0.174167
15148dbd9a1d1f1ef1a26e5749b32af0cd663935,2026-08-13T19:52:05+08:00,0.1.0-rc.6,rc,1.042222
bb4ca698d63714e753f5621b07400e6ebb0b5d97,2026-08-17T18:47:02+08:00,0.1.0-rc.7,rc,94.915833
f1f7dc36faa4a1548b742fb3f63cac8651c166cb,2026-08-19T23:00:28+08:00,0.1.0-rc.8,rc,52.223889
3ec5e8f8c43e23e9c3f58843786db3f37d1272ae,2026-08-21T14:11:09+08:00,0.1.1-rc.1,rc,39.178056
aa6c361a972c8369148dea7380bb5c21c24e07ec,2026-08-21T19:48:58+08:00,0.1.1-rc.2,rc,5.630278
6c705be1ce6774a000d061da41d1823b03a3d42c,2026-08-28T00:50:12+08:00,0.1.2-alpha.1,alpha,149.020556
3f1b46a5db64daa5c3d6ccc081fb214ed7be1de5,2026-08-30T21:19:29+08:00,0.1.2-alpha.2,alpha,68.488056
14bab4422b12ab80cd79de59e086c12888fe00be,2026-08-31T23:39:37+08:00,0.1.2-alpha.3,alpha,26.335556
a9e185f205169262ab39cbbda9fc48b16c37bbe9,2026-09-01T23:19:57+08:00,0.1.2-alpha.4,alpha,23.672222
db6bdc3576c2d4e7c965e8e3ed0c2a731eed87f5,2026-09-02T15:48:33+08:00,0.1.2-alpha.5,alpha,16.476667
a66e4702047846cdaa10c66c9d3df3951f5ea70d,2026-09-03T02:27:19+08:00,0.1.2-rc.1,rc,10.646111
ed67c22496f6aa14fc4091f06711b0ec9210eb31,2026-09-04T15:38:55+08:00,0.1.3-alpha.1,alpha,37.193333
e379fa8bddd68c52b2fad715b70a9a86f92eaf94,2026-09-07T19:27:06+08:00,0.1.3-alpha.2,alpha,75.803056
2faa751be99c8fbee0524e478f4c53d93b408131,2026-09-08T23:06:34+08:00,0.1.5-alpha.1,alpha,27.657778
dd393c18202b25f9734d51cb61aac8fa8b2c5ecf,2026-09-09T22:02:09+08:00,0.1.5-alpha.2,alpha,22.926389
1ef9c1fa9afbea78c5537bfc8b6d1c27d598798e,2026-09-10T09:13:14+08:00,0.1.5-rc.1,rc,11.184722
a30530342297e6006623a775166fee1d14fd413a,2026-09-10T21:38:20+08:00,0.1.5-rc.2,rc,12.418333
ea53423b60d0c0c6cea8bf0bdc68a758de2aff97,2026-09-15T09:35:57+08:00,0.1.6-alpha.1,alpha,107.960278
